{
  "finalWorth": {
    "edges": [
      1000.0,
      4500.0,
      8000.0,
      11500.0,
      15000.0,
      18500.0,
      22000.0,
      25500.0,
      29000.0,
      32500.0,
      36000.0,
      39500.0,
      43000.0,
      46500.0,
      50000.0,
      53500.0,
      57000.0,
      60500.0,
      64000.0,
      67500.0,
      71000.0,
      74500.0,
      78000.0,
      81500.0,
      85000.0,
      88500.0,
      92000.0,
      95500.0,
      99000.0,
      102500.0,
      106000.0,
      109500.0,
      113000.0,
      116500.0,
      120000.0,
      123500.0,
      127000.0,
      130500.0,
      134000.0,
      137500.0,
      141000.0,
      144500.0,
      148000.0,
      151500.0,
      155000.0,
      158500.0,
      162000.0,
      165500.0,
      169000.0,
      172500.0,
      176000.0,
      179500.0,
      183000.0,
      186500.0,
      190000.0,
      193500.0,
      197000.0,
      200500.0,
      204000.0,
      207500.0,
      211000.0
    ],
    "counts": [
      2017,
      356,
      117,
      35,
      24,
      20,
      15,
      9,
      8,
      6,
      5,
      2,
      2,
      1,
      1,
      2,
      4,
      0,
      1,
      1,
      0,
      2,
      3,
      1,
      0,
      0,
      2,
      0,
      0,
      1,
      2,
      0,
      1,
      0,
      0,
      0,
      0,
      0,
      0,
      0,
      0,
      0,
      0,
      0,
      0,
      0,
      0,
      0,
      0,
      0,
      0,
      1,
      0,
      0,
      0,
      0,
      0,
      0,
      0,
      1
    ]
  },
  "logWorth": {
    "edges": [
      6.907755278982137,
      6.9969529145400715,
      7.086150550098005,
      7.17534818565594,
      7.264545821213875,
      7.353743456771809,
      7.442941092329743,
      7.532138727887678,
      7.621336363445613,
      7.710533999003547,
      7.799731634561481,
      7.888929270119416,
      7.9781269056773505,
      8.067324541235285,
      8.156522176793219,
      8.245719812351155,
      8.334917447909088,
      8.424115083467022,
      8.513312719024958,
      8.602510354582892,
      8.691707990140825,
      8.780905625698761,
      8.870103261256695,
      8.959300896814629,
      9.048498532372564,
      9.137696167930498,
      9.226893803488434,
      9.316091439046367,
      9.405289074604301,
      9.494486710162237,
      9.58368434572017,
      9.672881981278106,
      9.76207961683604,
      9.851277252393974,
      9.940474887951908,
      10.029672523509843,
      10.118870159067777,
      10.208067794625713,
      10.297265430183646,
      10.38646306574158,
      10.475660701299516,
      10.56485833685745,
      10.654055972415385,
      10.743253607973319,
      10.832451243531253,
      10.921648879089187,
      11.010846514647122,
      11.100044150205058,
      11.189241785762992,
      11.278439421320925,
      11.36763705687886,
      11.456834692436793,
      11.546032327994729,
      11.635229963552664,
      11.724427599110598,
      11.813625234668532,
      11.902822870226466,
      11.992020505784401,
      12.081218141342337,
      12.17041577690027,
      12.259613412458204
    ],
    "counts": [
      101,
      135,
      272,
      113,
      115,
      180,
      78,
      131,
      148,
      96,
      108,
      137,
      78,
      97,
      104,
      69,
      68,
      59,
      66,
      49,
      47,
      65,
      43,
      43,
      31,
      29,
      22,
      13,
      8,
      15,
      13,
      9,
      13,
      6,
      12,
      9,
      7,
      5,
      7,
      6,
      3,
      3,
      3,
      2,
      1,
      5,
      1,
      1,
      2,
      4,
      2,
      0,
      3,
      1,
      0,
      0,
      0,
      0,
      1,
      1
    ]
  }
}