{
  "n": 2640,
  "wealth_mean": 4623.787878787879,
  "wealth_median": 2300.0,
  "wealth_p90": 8000.0,
  "wealth_p99": 41808.00000000036,
  "log_mu": 7.930419858719715,
  "log_sigma": 0.8208808979570741
}